Name,Mastodon profile,Web,Country,Language,Other links,Information,Mastodon profile creation date,Keywords
ABWC Research Group ,https://mstdn.science/@ABWC,https://www.wlv.ac.uk/research/institutes-and-centres/rihs---research-institute-in-healthcare-science/animal-behaviour-and-wildlife-conservation-/,United Kingdom,English,-,-,21/11/2022,-
Acoustical Society of America ,https://fediscience.org/@AcousticalSocietyofAmerica,https://acousticalsociety.org/,USA,English,-,-,07/11/2022	,-
ADS_Bund,https://social.bund.de/@antidiskriminierung,https://www.antidiskriminierungsstelle.de/,Germany,German,-,-,01/11/2022,-
Alba Precedo,https://mastodon.world/@AlbaPrecedo,https://www.infolibre.es/autores/alba-precedo/,Spain,Spanish,-,-,20/11/2022,-
Amsterdam Law School - UvA,https://mastodon.social/@amsterdamlawschool,https://www.uva.nl/law,Netherlands,Dutch,-,-,30/10/2022,-
Anacleto Panceto,https://mastodon.social/@Xuxipc,https://www.instagram.com/xuxipc/,Spain,Spanish,-,-,06/07/2018,-
Antonio Maestre,https://mastodon.social/@_antoniomaestre_/,https://es.wikipedia.org/wiki/Antonio_Maestre,Spain,Spanish,-,-,29/12/2019,-
Arch Linux,https://pokemon.men/@archlinux,https://archlinux.org/,-,English,-,Bot,06/05/2019,-
ARGIA,https://mastodon.eus/@argia,https://www.argia.eus/,Spain,Euskera,-,-,31/10/2018,-
Australian Maths Society ,https://mathstodon.xyz/@AustMS,https://austms.org.au/,Australia,English,-,-,14/11/2022	,-
Auswärtiges Amt,https://social.bund.de/@AuswaertigesAmt,https://www.auswaertiges-amt.de/de/,Germany,German,-,-,01/10/2022,-
BAM Materialforschung,https://social.bund.de/@BAMResearch,http://bam.de/,Germany,German,-,-,01/11/2022,-
BAMF_Bund,https://social.bund.de/@bamf,https://www.bamf.de/,Germany,German,-,-,01/11/2022,-
Barcelona en Comú,https://mastodon.world/@bcnencomu,https://barcelonaencomu.cat/,Spain,Spanish / Catalan,https://t.me/bcnencomu,-,18/11/2022,-
BASE,https://social.bund.de/@base,https://www.base.bund.de/DE/home/home_node.html,Germany,German,-,-,01/11/2022,-
BayLfD,https://social.bund.de/@BayLfD,https://www.datenschutz-bayern.de/,Germany,German,-,-,01/04/2022,-
Bernardo Vergara,https://mas.to/@bernardovergara,https://www.eldiario.es/autores/bernardo_vergara/,Spain,Spanish,-,-,11/11/2022,-
BfDI,https://social.bund.de/@bfdi,https://www.bfdi.bund.de/,Germany,German,-,-,01/04/2020,-
BfR,https://social.bund.de/@bfr,https://www.bfr.bund.de/de/start.html,Germany,German,-,-,01/08/2022,-
BKG,https://social.bund.de/@BKG,https://www.bkg.bund.de/DE/Home/home.html,Germany,German,-,-,01/11/2022,-
Blender,https://mastodon.social/@Blender,https://www.blender.org/,-,English,-,-,14/02/2018,-
BlnBDI,https://social.bund.de/@BlnBDI,https://www.datenschutz-berlin.de/,Germany,German,-,-,01/08/2022,-
BMBF_bund,https://social.bund.de/@bmbf_bund,http://www.bmbf.de/,Germany,German,-,-,01/03/2022,-
BMDV,https://social.bund.de/@bmdv,https://bmdv.bund.de/DE/Home/home.html,Germany,German,-,-,01/11/2022,-
BMI_Bund,https://social.bund.de/@bmi,https://bmi.bund.de/,Germany,German,-,-,01/10/2022,-
Bob Pop,https://universeodon.com/@BobPoP,https://es.wikipedia.org/wiki/Bob_Pop,Spain,Spanish,-,-,08/11/2022,-
Borja Ventura,https://newsie.social/@borjaventura,http://www.borjaventura.com/,Spain,Spanish,-,-,11/11/2022,-
BSI,https://social.bund.de/@bsi,https://bsi.bund.de/,Germany,German,-,-,01/03/2021,-
Bundesamt für Strahlenschutz,https://social.bund.de/@strahlenschutz,https://www.bfs.de/DE/home/home_node.html,Germany,German,-,-,01/05/2022,-
Bundesbauministerium,https://social.bund.de/@BMWSB_Bund,https://bmwsb.bund.de/,Germany,German,-,-,01/10/2022,-
Bundespresseamt,https://social.bund.de/@Bundespresseamt,https://www.bundesregierung.de/breg-de/bundesregierung/bundeskanzleramt/bundespresseamt,Germany,German,-,-,01/02/2022,-
Bundeszentrale f. pol. Bildung,https://social.bund.de/@bpb,https://www.bpb.de/,Germany,German,-,-,01/11/2022,-
BVL_Bund,https://social.bund.de/@BVL_Bund,https://www.bvl.bund.de/DE/Home/home_node.html,Germany,German,-,-,01/09/2022,-
Carlos Cala Barroso,https://masto.es/@carloscalab,https://cadenaser.com/autor/carlos_cala_barroso/a/,Spain,Spanish,-,-,23/11/2022,-
Cartoonists Rights (CRNI),https://newsie.social/@cartoonistsrights,https://cartoonistsrights.org/,-,English,https://instagram.com/CRNetInt,-,18/11/2022,-
"CDE, University of Bern",https://mstdn.social/@CDEunibe,https://www.cde.unibe.ch/,Switzerland,English / German,-,-,10/11/2022,-
Chema Alonso,https://ioc.exchange/@chemaalonso,https://www.elladodelmal.com/,Spain,Spanish,https://mypublicinbox.com/ChemaAlonso,-,15/11/2022,-
Cirenia Arias,https://scicomm.xyz/@cireniasketches,http://cienciaenredes.com/cirenia-arias/,Spain,Spanish / English,-,Ilustradora científica,05/11/2022,-
Cour de justice de l'UE,https://social.network.europa.eu/@Curia_fr,https://curia.europa.eu/,-,French,-,Bot,01/04/2022,-
Court of Justice of the EU,https://social.network.europa.eu/@Curia,https://curia.europa.eu/,-,English,-,Bot,01/04/2022,-
CTXT,https://mastodon.world/@ctxt,https://ctxt.es/,Spain,Spanish,-,-,18/11/2022,-
Cyberagentur,https://social.bund.de/@Cyberagentur,https://www.cyberagentur.de/,Germany,German,-,-,01/11/2022,-
DAI,https://social.bund.de/@dai_weltweit,https://www.dainst.org/,Germany,German,-,-,01/11/2022,-
Dani Domínguez,https://mastodon.world/@DaniDominguez,https://www.lamarea.com/author/dani-dominguez/,Spain,Spanish / Catalan,-,-,18/11/2022,-
Datenschutzkonferenz,https://social.bund.de/@dsk,https://www.datenschutzkonferenz-online.de/,Germany,German,-,-,01/01/2022,-
Der Zoll,https://social.bund.de/@Zoll,https://zoll.de/,Germany,German,-,-,01/11/2022,-
Deutscher Wetterdienst (DWD),https://social.bund.de/@DeutscherWetterdienst,https://www.dwd.de/DE/Home/home_node.html,Germany,German,-,-,01/11/2022,-
Deutsches Heer,https://social.bund.de/@deutschesHeer,https://www.bundeswehr.de/de/organisation/heer,Germany,German,-,-,01/11/2022,-
Digital Freedom Fund,https://eupolicy.social/@digitalfreedomfund,https://digitalfreedomfund.org/,-,English,-,-,01/11/2022,-
Directorate-General for Informatics,https://social.network.europa.eu/@EC_DIGIT,https://ec.europa.eu/info/departments/informatics_en,-,Multi,-,-,01/02/2022,-
DLR,https://social.bund.de/@DLR,https://www.dlr.de/,Germany,German,-,-,01/11/2022,-
DLR_next,https://social.bund.de/@dlr_next,https://www.dlr.de/next/,Germany,German,-,-,01/11/2022,-
DSEE,https://social.bund.de/@dsee,https://www.deutsche-stiftung-engagement-und-ehrenamt.de/,Germany,German,-,-,01/11/2022,-
Dugdale Research Group ,https://ecoevo.social/@Hannahdugdale,https://hannahdugdale.wordpress.com/,Netherlands,English,https://research.rug.nl/en/organisations/dugdale-group-evolution-of-senescence,-,16/11/2022	,-
El Mundo Today,https://mastodon.social/@elmundotoday,https://www.elmundotoday.com/,Spain,Spanish,-,Humor / Sátira,28/10/2022,-
El Salto Diario,https://mastodon.social/@ElSaltoDiario,https://www.elsaltodiario.com/,Spain,Spanish,https://t.me/elsaltodiario,-,02/09/2021,-
elDiario.es,https://mastodon.world/@eldiarioes,https://www.eldiario.es/,Spain,Spanish,-,-,21/11/2022,-
Electomanía,https://masto.ai/@electomania,https://electomania.es/,Spain,Spanish,http://t.me/electomania,Demoscopia,18/11/2022,-
Electronic Frontier Foundation,https://mastodon.social/@eff,https://www.eff.org/,-,English,-,-,04/04/2017,-
Elena de Sus,https://mastodon.world/@elenadesus,https://ctxt.es/user/profile/elenadesus,Spain,Spanish,-,-,18/11/2022,-
Emilio Doménech,https://mastodon.online/@nanisimo,https://es.wikipedia.org/wiki/Emilio_Dom%C3%A9nech,Spain,Spanish,-,Nanisimo,04/11/2022,-
EU Watch,https://eupolicy.social/@euwatch,https://www.euwatch.be/,-,Multi,-,-,01/11/2022,-
EUobserver,https://eupolicy.social/@euobserver,https://euobserver.com/,-,English,-,-,01/11/2022,-
EURACTIV,https://masto.ai/@euractiv,https://www.euractiv.com/,-,Multi,-,-,07/11/2022,-
European Center for Not-for-Profit Law,https://eupolicy.social/@ecnl,https://www.ecnl.org/,Netherlands,English,-,-,01/11/2022,-
European Commission,https://social.network.europa.eu/@EU_Commission,https://ec.europa.eu/,-,Multi,-,-,01/04/2022,-
European Data Protection Supervisor,https://social.network.europa.eu/@EDPS,https://edps.europa.eu/,-,Multi,-,-,01/02/2022,-
European Digital Rights (EDRi),https://eupolicy.social/@edri,https://edri.org/,-,English,-,-,01/11/2022,-
European Investment Bank,https://social.network.europa.eu/@eib,https://www.eib.org/,-,Multi,-,-,01/11/2022,-
European Labour Authority,https://social.network.europa.eu/@ELA,https://www.ela.europa.eu/,-,Multi,-,-,01/06/2022,-
European Mathematical Society ,https://mathstodon.xyz/@EuroMathSoc,euromathsoc.org/,Finland,English,-,-,11/11/2022	,-
European Ombudsman,https://social.network.europa.eu/@ombudsman,https://www.ombudsman.europa.eu/,-,Multi,-,-,01/03/2022,-
European Union Agency for Fundamental Rights,https://social.network.europa.eu/@FRA,https://fra.europa.eu/,-,Multi,-,-,01/03/2022,-
"European Union Agency for the Operational Management of Large-Scale IT Systems in the Area of Freedom, Security and Justice",https://social.network.europa.eu/@EULISA,https://eulisa.europa.eu/,-,English,-,-,01/09/2022,-
European Union Agency for the Space Programme,https://social.network.europa.eu/@EUSPA,https://www.euspa.europa.eu/,-,English,-,-,01/03/2022,-
European Union External Action,https://social.network.europa.eu/@EEAS,https://www.eeas.europa.eu/,-,Multi,-,The Diplomatic Service of the European Union,01/11/2022,-
European Union Intellectual Property Office,https://social.network.europa.eu/@EUIPO,https://euipo.europa.eu/,-,Multi,-,-,01/05/2022,-
European Union Sanctions,https://social.network.europa.eu/@EC_Sanctions,https://finance.ec.europa.eu/eu-and-world/sanctions-restrictive-measures_en,-,English,-,-,01/11/2022,-
F-Droid,https://floss.social/@fdroidorg,https://f-droid.org/,-,Multi,https://gitlab.com/fdroid,-,15/10/2022,-
FAU Erlangen-Nürnberg,https://mastodon.social/@FAU,https://www.fau.de/,Germany,German,-,-,24/05/2022,-
Fedilab,https://framapiaf.org/@fedilab,https://fedilab.app/,-,Multi,-,Android App,21/04/2019,-
Fernando Hernández Valls,https://masto.ai/@fernandohvalls,https://www.linkedin.com/in/fernando-h-valls-283452111/,Spain,Spanish,-,-,18/11/2022,-
FernUniversität in Hagen,https://bildung.social/@fernunihagen,https://www.fernuni-hagen.de/,Germany,German,-,-,28/10/2022,-
Fight for the Future,https://mastodon.fightforthefuture.org/@team,https://www.fightforthefuture.org/,-,English,-,-,02/11/2022,-
FITKO,https://social.bund.de/@FITKOfoederal,https://www.fitko.de/,Germany,German,-,-,01/08/2021,-
FIZ ISE Research Group ,https://sigmoid.social/@fizise,https://www.fiz-karlsruhe.de/en/forschung/information-service-engineering,Germany,English,-,-,27/11/2022	,-
Foreign Policy,https://mastodon.world/@foreignpolicy,https://foreignpolicy.com/,USA,English,https://www.linkedin.com/company/foreign-policy-magazine/,-,18/11/2022,-
Forschungszentrum DZNE,https://social.bund.de/@dzne,https://www.dzne.de/,Germany,German,-,-,01/11/2022,-
Fraunhofer FOKUS,https://social.bund.de/@FraunhoferFOKUS,https://www.fokus.fraunhofer.de/,Germany,German,-,-,01/11/2022,-
Free Software Foundation,https://hostux.social/@fsf,https://www.fsf.org/,-,Multi,-,-,16/12/2019,-
FreeCAD,https://fosstodon.org/@FreeCAD,https://www.freecad.org/,-,English,-,-,30/12/2018,-
Funkwhale,https://fosstodon.org/@funkwhale,https://funkwhale.audio/,-,Multi,-,-,20/11/2021,-
Für Menschenrechte,https://social.bund.de/@DIMR_Berlin,https://www.institut-fuer-menschenrechte.de/,Germany,German,-,-,01/11/2022,-
GEOMAR,https://social.bund.de/@geomar_de,https://www.geomar.de/,Germany,German,-,-,01/11/2022,-
Gerardo Tecé,https://mastodon.world/@gerardotc,https://es.wikipedia.org/wiki/Gerardo_Tec%C3%A9,Spain,Spanish,-,-,18/11/2022,-
German Embassy London,https://social.bund.de/@germanyinuk,https://uk.diplo.de/,Germany,German,-,-,01/11/2022,-
GIGA Institute,https://social.bund.de/@GIGA_Institute,https://www.giga-hamburg.de/,Germany,German,-,-,01/11/2022,-
GIMP,https://floss.social/@GIMP,https://gimp.org/,-,English,-,-,11/10/2022,-
GNOME,https://floss.social/@gnome,https://www.gnome.org/,-,English,-,-,09/07/2018,-
Gonzalo Torné,https://mastodon.social/@GonzaloTorne,https://es.wikipedia.org/wiki/Gonzalo_Torn%C3%A9,Spain,Spanish,-,-,03/10/2018,-
GRS,https://social.bund.de/@GRS,https://www.grs.de/,Germany,German,-,-,01/11/2022,-
GTK,https://floss.social/@GTK,https://www.gtk.org/,-,English,-,-,10/11/2022,-
Guillem Martínez,https://sociale.network/@Guillemmartnez,https://es.wikipedia.org/wiki/Guillem_Mart%C3%ADnez,Spain,Spanish,-,-,08/11/2022,-
HafenCity Universität (HCU),https://mastodon.social/@HCUHamburg,https://www.hcu-hamburg.de/,Germany,German,-,-,13/10/2022,-
HCIL at University of Maryland,https://hci.social/@hcil_umd,https://hcil.umd.edu/,USA,English,https://www.youtube.com/@HCILUMD,-,05/11/2022,-
Heinrich-Heine-Universität,https://nrw.social/@HHU,https://www.hhu.de/,Germany,German,-,-,10/11/2022,-
Hessischer Landtag,https://social.bund.de/@HessischerLandtag,https://hessischer-landtag.de/,Germany,German,-,-,01/05/2022,-
Hochschule Anhalt,https://mastodon.social/@hsanhalt,https://www.hs-anhalt.de/,Germany,German,-,-,17/11/2022,-
Hochschule der Medien,https://bonn.social/@hdmstuttgart@baw%C3%BC.social,https://www.hdm-stuttgart.de/,Germany,German,-,-,26/07/2021,-
Hochschule für Gestaltung,https://bonn.social/@hfg_gmuend@baw%C3%BC.social,https://www.hfg-gmuend.de/,Germany,German,-,-,19/05/2022,-
Hochschule für Wirtschaft und Umwelt,https://bonn.social/@HfWU@baw%C3%BC.social,https://www.hfwu.de/,Germany,German,-,-,14/11/2022,-
Hochschule Kehl,https://mastodon.social/@hochschule_kehl,https://www.hs-kehl.de/,Germany,German,-,-,20/05/2022,-
Hochschule Ravensburg-Weingarten,https://mastodon.online/@rwu,https://www.rwu.de/,Germany,German,-,-,02/12/2020,-
Hochschule Reutlingen,https://bonn.social/@Hochschule_Reutlingen@baw%C3%BC.social,https://www.reutlingen-university.de/home/,Germany,German,-,-,17/05/2022,-
HTW Berlin,https://wisskomm.social/@HTW_Berlin,https://www.htw-berlin.de/,Germany,German,-,-,22/11/2022,-
IFEX,https://mastodon.social/@ifex,https://ifex.org/,-,Multi,-,-,27/07/2022,-
INFOBISOC,https://red.niboe.info/@infobisoc,-,Spain,Spanish,-,-,25/11/2022,-
infoLibre,https://mastodon.world/@_infoLibre,https://www.infolibre.es/,Spain,Spanish,-,-,20/11/2022,-
Inkscape,https://mastodon.art/@inkscape,https://inkscape.org/,-,Multi,https://gitlab.com/inkscape/inkscape/,-,05/04/2018,-
Institut für Publizistik ,https://sciences.social/@ifp,https://www.ifp.uni-mainz.de/,Germany,English,-,-,21/11/2022	,-
Institute for Energy Economics and Financial Analysis (IEEFA),https://mastodon.energy/@ieefa_institute,https://ieefa.org/,USA,English,-,-,09/11/2022	,-
Ismael Serrano,https://mastodon.la/@serranoismael,https://www.ismaelserrano.com/,Spain,Spanish,-,-,12/11/2022,-
ITZBund,https://social.bund.de/@itzbund,https://www.itzbund.de/,Germany,German,-,-,01/02/2022,-
IU Maurer School of Law,https://mastodon.lawprofs.org/@IUMaurerLaw,https://law.indiana.edu/,USA,English,-,-,09/11/2022,-
Jesús Maraña,https://mastodon.world/@jesusmarana,https://es.wikipedia.org/wiki/Jes%C3%BAs_Mara%C3%B1a,Spain,Spanish,-,-,19/11/2022,-
JRMora,https://mastodon.social/@jrmora,https://jrmora.com/,Spain,Spanish,-,-,29/12/2019,-
Karlsruher Institut für Technologie (KIT),https://mastodon.social/@KIT_Karlsruhe,https://www.kit.edu/,Germany,German,-,-,29/07/2021,-
KDE,https://floss.social/@kde,https://kde.org/,-,Multi,-,-,07/10/2022,-
Kdenlive,https://floss.social/@kdenlive,https://kdenlive.org/,-,Multi,-,-,08/10/2022,-
KfW Bankengruppe,https://social.bund.de/@KfW,https://www.kfw.de/s/dekEU20,Germany,German,-,-,01/11/2022,-
Kompetenzzentrum Open Data,https://social.bund.de/@opendatabund,https://opendata.bund.de/,Germany,German,-,-,01/11/2022,-
La Marea,https://xarxa.cloud/@lamarea,https://www.lamarea.com/,Spain,Spanish,-,BOT,17/01/2020,-
Landscape Research Group ,https://mas.to/@aboutlandscape,https://landscaperesearch.org/,United Kingdom,English,-,-,10/11/2022	,-
Landtag RLP,https://social.bund.de/@ltrlp,https://www.landtag.rlp.de/de/general-storage/footer/ueber-den-landtag/impressum/,Germany,German,-,-,01/07/2021,-
Liberapay,https://mastodon.xyz/@Liberapay,https://liberapay.com/,France,Multi,-,Donations platform,10/12/2017,
LibreOffice,https://fosstodon.org/@libreoffice,https://www.libreoffice.org/,-,Multi,-,-,20/03/2019,-
LIP Research Group ,https://sciences.social/@lip,https://wp.lancs.ac.uk/lip/,United Kingdom,English,-,-,14/11/2022	,-
Loeffler,https://social.bund.de/@loeffler_news,https://fli.de/,Germany,German,-,-,01/11/2022,-
Luzes,https://mastodon.gal/@Luzes,https://luzes.gal/,Spain,Galego,-,-,12/11/2022,-
Magdeburg-Stendal University,https://machteburch.social/@h2international,https://www.h2.de/,Germany,German,-,-,04/08/2021,-
Maldita.es,https://mastodon.social/@malditaes,https://maldita.es/,Spain,Spanish,-,Verificación de bulos,18/11/2022,-
Manuel Rico,https://mstdn.social/@manuelrico,https://www.infolibre.es/autores/manuel-rico/,Spain,Spanish,-,-,13/11/2022,-
Mastodon,https://mastodon.social/@Mastodon,https://joinmastodon.org/,Germany,Multi,-,-,23/11/2016,-
Matrix.org,https://mastodon.matrix.org/@matrix,https://matrix.org/,-,English,-,-,01/05/2017,-
Mattias Bjärnemalm,https://eupolicy.social/@Mab,https://www.linkedin.com/in/bjarnemalm/,Brussels,English,-,Pirate Parties Network Officer,01/10/2022,-
Max Delbrück Center,https://social.bund.de/@MDC_Berlin,https://www.mdc-berlin.de/,Germany,German,-,-,01/11/2022,-
Max Lab UW Seattle,https://fediscience.org/@StutteringLabUW,http://faculty.washington.edu/ludomax/lab,USA,English,-,-,04/11/2022	,-
McGill University,https://mstdn.ca/@mcgillu,http://www.mcgill.ca/,Canada,English / French,-,-,18/11/2022,-
Metabolist / Metatext,https://mastodon.social/@metabolist,http://metabolist.org/,-,Multi,-,iOS App,30/10/2019,-
microsiervos,https://mastodon.cloud/@microsiervos,https://www.microsiervos.com/,Spain,Spanish,https://t.me/microsiervos,-,01/08/2018,-
MINS Research Group/Faggruppe ,https://sciences.social/@minsnord,https://www.nord.no/en/about/faculties-and-centres/faculty-of-social-sciences/research/divisions/miljo-internasjonale-relasjoner-noromrader-og-samfunnssikkerhet/Pages/default.aspx,Norway,English,-,-,18/11/2022	,-
Miquel Ramos,https://mastodont.cat/@Miquel_R,https://miquelramos.me/,Spain,Spanish / Catalan,-,-,18/11/2022,-
MIT Press,https://mastodon.mit.edu/@themitpress,https://mitpress.mit.edu/,USA,English,-,-,10/11/2022,-
MPI for Biological Intelligence ,https://wisskomm.social/@MPIforBI,https://www.bi.mpg.de/en,Germany,English,-,-,21/11/2022	,-
MPI of Molecular Cell Biology and Genetics,https://wisskomm.social/@mpicbg,https://www.mpi-cbg.de/,Germany,English,-,-,19/11/2022	,-
NetBlocks,https://mastodon.social/@netblocks,https://netblocks.org/,-,English,https://t.me/netblocks,-,07/11/2022,-
Netopia EU,https://eupolicy.social/@netopia,https://www.netopia.eu/,Brussels,English,-,-,01/10/2022,-
Next Generation Internet,https://social.network.europa.eu/@EC_NGI,https://www.ngi.eu/,-,English,-,-,01/03/2022,-
Nextcloud,https://mastodon.xyz/@nextcloud,https://nextcloud.com/,-,Multi,-,-,02/05/2017,-
NLnet Labs,https://fosstodon.org/@nlnetlabs,https://nlnetlabs.nl/,Netherland,English,-,-,31/10/2022,-
Nonprofit Tech for Good,https://publicgood.social/@nonprofitorgs,https://www.nptechforgood.com/,-,English,-,-,21/11/2022,-
norcoreano,https://mastodon.social/@norcoreano,https://twitter.com/norcoreano,Spain,Spanish,-,-,01/10/2018,-
Omega Research Foundation,https://mastodon.social/@Omega_RF,https://omegaresearchfoundation.org/,United Kingdom,English,-,-,04/11/2022,-
Open Culture,https://toot.community/@openculture,https://openculture.com/,England,English,-,-,05/11/2022,-
Open Rights Group,https://social.openrightsgroup.org/@openrightsgroup,https://www.openrightsgroup.org/,United Kingdom,English,-,-,21/11/2022,-
Open Source Programme Office,https://social.network.europa.eu/@EC_OSPO,https://joinup.ec.europa.eu/collection/ec-ospo,-,English,-,-,01/02/2022,-
OpenMandriva,https://linuxrocks.online/@openmandriva,https://www.openmandriva.org/,-,English,-,-,13/02/2021,-
Ostbeauftragter,https://social.bund.de/@Ostbeauftragter,https://ostbeauftragter.de/ostb-de,Germany,German,-,-,01/11/2022,-
Pablo Echenique,https://todon.eu/@PabloEchenique,https://es.wikipedia.org/wiki/Pablo_Echenique,Spain,Spanish,https://t.me/PabloEchenique,-,13/11/2022,-
Pedro Vallín,https://mastodon.social/@pvallin,https://es.wikipedia.org/wiki/Pedro_Vall%C3%ADn,Spain,Spanish,-,-,29/12/2019,-
Penpot,https://fosstodon.org/@penpot,https://penpot.app/,-,English,https://github.com/penpot/,-,16/06/2020,-
PH Ludwigsburg,https://bonn.social/@phludwigsburg@baw%C3%BC.social,https://www.ph-ludwigsburg.de/,Germany,German,-,-,20/05/2021,-
PH Weingarten,https://bonn.social/@phweingarten@baw%C3%BC.social,https://www.ph-weingarten.de/,Germany,German,-,-,11/04/2022,-
Pirates de Catalunya,https://mastodont.cat/@partit_pirata,https://pirates.cat/,Spain,Spanish / Catalan / English,https://t.me/PirataCat,-,14/05/2018,-
Pixelfed,https://mastodon.social/@pixelfed,https://pixelfed.org/,-,English,-,-,11/05/2018,-
Princeton University,https://home.social/@princetonuniversity,https://www.princeton.edu/,USA,English,-,-,17/11/2022,-
QGIS,https://fosstodon.org/@qgis,https://qgis.org/,-,Multi,-,-,01/11/2022,-
Radboud University,https://mastodon.social/@Radboud_uni,https://www.ru.nl/,Netherlands,Dutch,-,-,03/11/2016,-
Research Institute of Molecular Pathology (IMP),https://mstdn.science/@IMPvienna,https://www.imp.ac.at/,Austria,English,-,-,08/11/2022	,-
Robert Koch-Institut,https://social.bund.de/@RKI,https://www.rki.de/DE/Home/homepage_node.html,Germany,German,-,-,01/11/2022,-
Robert Koch-Institut ,https://social.bund.de/@RKI,https://www.rki.de,Germany,German,-,-,11/11/2022	,-
Royal Astronomical Society ,https://astrodon.social/@royalastrosoc,https://ras.ac.uk/,United Kingdom,English,-,-,08/11/2022	,-
Rubén Sánchez,https://mastodon.social/@RubenSanchezTW,https://rubensanchez.tw/,Spain,Spanish,-,-,01/10/2018,-
Science politique UdeM,https://mstdn.ca/@Sciencepo_UdeM,https://pol.umontreal.ca/,Canada,English / French,-,-,19/11/2022,-
Society for Glycobiology ,https://qoto.org/@SfG,https://www.glycobiology.org/,USA,English,-,-,07/11/2022	,-
Stanford Law School,https://masto.ai/@stanfordlaw,https://law.stanford.edu/,USA,English,-,-,21/11/2022,-
Stiftung Datenschutz,https://social.bund.de/@DS_Stiftung,https://stiftungdatenschutz.org/,Germany,German,-,-,01/05/2021,-
Stiftung EVZ,https://social.bund.de/@evzfoundation,https://www.stiftung-evz.de/,Germany,German,-,-,01/11/2022,-
Sächsische DSB,https://social.bund.de/@sdb,https://www.saechsdsb.de/,Germany,German,-,-,01/08/2022,-
Tactical Tech,https://mastodon.cc/@info_activism,https://tacticaltech.org/,-,English,-,-,05/04/2017,-
Taia Wang Research Group ,https://mstdn.science/@wanglab,https://profiles.stanford.edu/taia-wang,USA,English,-,-,07/11/2022	,-
Technisches Hilfswerk (THW),https://social.bund.de/@thw,https://www.thw.de/DE/Startseite/startseite_node.html,Germany,German,-,-,01/09/2022,-
The Conversation AU,https://mastodon.social/@theconversationau,https://theconversation.com/au,Australia,English,-,-,18/11/2022,-
The Conversation ES,https://newsie.social/@theconversationes,https://theconversation.com/es,Spain,Spanish,-,-,18/11/2022,-
The Conversation NZ,https://mastodon.social/@theconversationau,https://theconversation.com/au,New Zealand,English,-,-,18/11/2022,-
The Conversation US,https://newsie.social/@TheConversationUS,https://theconversation.com/us,USA,English,-,-,04/11/2022,-
The Prehistoric Society ,https://mastodonapp.uk/@PrehistoricSociety,www.prehistoricsociety.org,United Kingdom,English,-,-,26/11/2022	,-
The R Foundation,https://fosstodon.org/@R_Foundation,https://r-project.org/,-,English,-,-,10/11/2022,-
The Tor Project,https://mastodon.social/@torproject,https://torproject.org/,-,Multi,-,-,03/04/2017,-
The Translation Centre for the Bodies,https://social.network.europa.eu/@CDT,https://cdt.europa.eu/,-,Multi,-,-,01/04/2022,-
Thunderbird,https://mastodon.online/@thunderbird,https://thunderbird.net/,-,Multi,-,-,25/04/2022,-
Toot!,https://mastodon.social/@tootapp,https://apps.apple.com/app/toot/id1229021451,-,Multi,-,iOS App,14/08/2018,-
Tootoise,https://mastodon.social/@tootoise,https://apps.apple.com/us/app/tootoise/id1465090190,-,Multi,-,iOS App,07/02/2020,-
Transnational Institute,https://mastodon.world/@transnationalinstitute,https://www.tni.org/,-,English / Spanish,-,-,18/11/2022,-
TU Braunschweig,https://wisskomm.social/@tubraunschweig,https://www.tu-braunschweig.de/,Germany,German,-,-,21/11/2022,-
TU Chemnitz,https://mastodon.social/@tuchemnitz,https://www.tu-chemnitz.de/,Germany,German,-,-,12/05/2022,-
TU Darmstadt,https://darmstadt.social/@TU,https://www.tu-darmstadt.de/,Germany,German,-,-,12/11/2022,-
TU München,https://mastodon.social/@tu_muenchen,https://www.tum.de/,Germany,German,-,-,18/05/2022,-
Tusky,https://mastodon.social/@Tusky,https://tusky.app/,-,Multi,-,Android App,12/04/2017,-
UC Berkeley School of Law,https://sfba.social/@berkeleylaw,https://www.law.berkeley.edu/,USA,English,-,-,06/11/2022,-
Uniklinikum Heidelberg,https://xn--baw-joa.social/@uniklinikum_hd,https://www.klinikum.uni-heidelberg.de/,Germany,German,-,-,28/11/2022,-
University of Aberdeen,https://mastodon.scot/@uniofaberdeen,https://www.abdn.ac.uk/,United Kingdom,English,-,-,07/11/2022,-
University of California Merced,https://mastodon.social/@universitymerce,https://graduatedivision.ucmerced.edu/,USA,English,-,-,22/09/2021,-
University of Limerick,https://mastodon.ie/@UL,https://www.ul.ie/,Ireland,English,-,-,07/11/2022,-
University of New Hampshire,https://mastodon.social/@uofnh,http://unh.edu/,USA,English,-,-,16/11/2022,-
University of Toronto,https://mstdn.social/@UTM,https://www.utoronto.ca/,Canada,English,-,-,04/11/2022,-
Universität Bremen,https://wisskomm.social/@unibremen,https://www.uni-bremen.de/,Germany,German,-,-,22/11/2022,-
Universität Freiburg,https://bonn.social/@unifreiburg@baw%C3%BC.social,https://uni-freiburg.de/,Germany,German,-,-,04/05/2021,-
Universität Greifswald,https://mastodon.social/@unigreifswald,https://www.uni-greifswald.de/,Germany,German,-,-,25/06/2021,-
Universität Hohenheim,https://bonn.social/@unihohenheim@baw%C3%BC.social,https://www.uni-hohenheim.de/,Germany,German,-,-,28/04/2021,-
Universität Jena,https://mastodon.social/@unijena,https://uni-jena.de/,Germany,German,-,Bot,27/01/2020,-
Universität Kassel,https://mastodon.social/@unikassel,https://www.uni-kassel.de/,Germany,German,-,-,17/11/2022,-
Universität Konstanz,https://bonn.social/@unikonstanz@baw%C3%BC.social,https://uni.kn/,Germany,German,-,-,02/05/2022,-
Universität Mannheim,https://bonn.social/@unimannheim@baw%C3%BC.social,https://www.uni-mannheim.de/,Germany,German,-,-,04/04/2022,-
Universität Oldenburg,https://wisskomm.social/@UniOldenburg,https://uol.de/,Germany,German,-,-,28/11/2022,-
Universität Stuttgart,https://bonn.social/@Uni_Stuttgart@baw%C3%BC.social,https://www.uni-stuttgart.de/,Germany,German,-,-,09/05/2022,-
Universität Tübingen,https://bonn.social/@unituebingen@baw%C3%BC.social,https://uni-tuebingen.de/,Germany,German,-,-,20/07/2021,-
Universität Ulm,https://mastodon.social/@UniUlm,https://www.uni-ulm.de/,Germany,German,-,-,06/03/2020,-
Universität zu Köln,https://wisskomm.social/@UniKoeln,https://www.uni-koeln.de/,Germany,German,-,-,21/11/2022,-
Utrecht University,https://mastodon.online/@UtrechtUniversiteit,https://www.uu.nl/,Netherlands,Dutch,-,-,03/11/2022,-
Vanesa Jiménez,https://mastodon.world/@vjimenez,https://ctxt.es/user/profile/vanesa,Spain,Spanish,-,-,18/11/2022,-
VideoLAN,https://floss.social/@videolan,https://www.videolan.org/,-,Multi,https://code.videolan.org/,-,03/11/2022,-
Vivaldi,https://social.vivaldi.net/@Vivaldi,https://vivaldi.com/,-,Multi,-,-,13/11/2022,-
Víctor Olazábal,https://mastodon.world/@vic_olazabal,https://www.linkedin.com/in/victor-m-olaz%C3%A1bal-7734a1101,Spain,Spanish,-,-,18/11/2022,-
WBGU,https://social.bund.de/@wbgu,http://www.wbgu.de/,Germany,German,-,-,01/11/2022,-
Willy Veleta,https://mastodon.world/@VeletaWilly,https://ctxt.es/user/profile/Willyveleta,Spain,Spanish,-,-,18/11/2022,-
Wilson Ornithological Society ,https://ecoevo.social/@WilsonOrnithSoc,https://wilsonsociety.org/,-,English,-,-,07/11/2022	,-
Wirtschaft & Klimaschutz,https://social.bund.de/@BMWK,https://www.bmwk.de/Navigation/DE/Home/home.html,Germany,German,-,-,01/11/2022,-
Yago Álvarez Barba,https://activism.openworlds.info/@EconoCabreado,https://www.elsaltodiario.com/autor/yago-alvarez,Spain,Spanish,-,Economista Cabreado,11/11/2022,-
York University,https://mstdn.ca/@yorkuniversity,https://www.yorku.ca/,Canada,English,-,-,16/11/2022,-
ZIF,https://social.bund.de/@ZIF,https://www.zif-berlin.org/,Germany,German,-,-,01/11/2022,-
